url;title;description;emails;phones;postal_codes;inns;ogrns
https://artistidian.ru;Все о фундаменте - Пишем о том как делать фундамент;Пишем о том как делать фундамент;н/д;н/д;"604800
000000
343434";н/д;н/д
https://booking-dubrovka.ru;Агротуристический комплекс | Гостиница Дубровка в Киржаче;Номерной фонд гостиничного комплекса Дубровка бронирования онлайн, отвечает уровню комфортности от простых двухместных до номеров квартирного типа, рассчитанных на семьи с детьми и большие компании.;dubrovka33@inbox.ru;+7(906)561-43-20;н/д;н/д;н/д
https://booker-spb.ru;Бухгалтерские и юридические услуги в Санкт-Петербурге;"Компания «Комплексные Услуги Бизнесу»  предлагаем полное бухгалтерское 
                        и юридическое обслуживание фирмам с любыми видами деятельности по доступным ценам.
                        Стоимость качественных бухгалтерских услуг зависит от объема документооборота, 
                        системы налогообложения, численности работников. ";mako.grupp@mail.ru;+79219606862;н/д;н/д;н/д
https://artistika-gym.ru;Artistika Школа гимнастики;Artistika Школа гимнастики в Селятино и Саларьево под руководством Чемпионки мира Панариной Кристины;Coach.panarina@gmail.com;86335306435;"831898
000000
999999
222222
751979
617499
555029
968631
313708";1679525576;"1496238230199
1496238250184
1496238259342
1495810354468
1495810359387
1495810410810"
https://hotel-dubrovka.ru/kontakty.html;КОНТАКТЫ - Гостиница Дубровка в Киржаче;"Владимирская область,
Киржачский район,
д. Дубровка,
ул. Центральная, д. 1 ";"dubrovka33@inbox.ru
Rating@Mail.ru";"89123456701
+7(915)772-67-53
+7(906)561-43-20";"514721
264409";н/д;н/д
https://artistineer.ru;н/д;н/д;н/д;н/д;"282075
794269
702700
791390
470758
791382";н/д;н/д
https://booker-spb.ru/contacts;Контактная информация | Бухгалтерские и юридические услуги в Санкт-Петербурге;"Компания «Комплексные Услуги Бизнесу»  предлагаем полное бухгалтерское 
    и юридическое обслуживание фирмам с любыми видами деятельности по доступным ценам.
    Стоимость качественных бухгалтерских услуг зависит от объема документооборота, 
    системы налогообложения, численности работников. ";mako.grupp@mail.ru;+79219606862;194044;н/д;н/д
https://artistivanov.ru;Игорь Иванов художник-нонконформист Персональный сайт Санкт-Петербург;Петербургский художник Игорь Васильевич Иванов Персональный сайт Неофициальные выставки ленинградских художников нонконформистов в Ленинграде История русского авангарда;infosite@artistivanov.ru;н/д;000000;"1560848467
1560851909
1560847122
1560848982
1567531237
1571037611
1560851008
1560847540
1560837563";н/д
https://artistium.ru;ARTISTIUM;Арт-обозреватель и маркетплейс искусства ARTISTIUM;"info@artistium.ru
gersa@mail.ru";н/д;н/д;1692132156;"1661271201190
1661271210150
1662734253552
1661271210145
1661271198913
1661271210508
1661271210369"
https://frenglishvibes.ru;Frenglish-Vibes — онлайн-школа иностранных языков;н/д;frenglish.vibes@yandex.ru;"86361663261
80497147362
80499364298
84731480497
84731655860
84731655863
84731655866
84731474627
84731470210
84731656406
84731480499
84731474628
84731655986
84731655868
84686942893
89614902892
89616558705
89616558713
89616626360
89616564149
89616560652
89616559872
89616559867
89616558712
89616559877
89616559875
89614903474
89614903468
89614903470
89614902896
89614902893
82283316563
82283316560
82283314792
82283314742
82283314743
82283316626
82067016558
83637165606
83637165587
84914147021
84914165583
85829165606
85829165587
85843165583
85962165587
85962165606
85978147021
85978165583
86108165587
86108165606
86147147021
86147165583
87867165587
87867165606
87893147021
87893165583
88020165587
88020165606
88072147021
88072165583
88164165587
88164165606
88220147021
88220165583
86131323436
88451165587
88451165606
86535613930
88887147021
88887165583
89281165587
89281165606
89287165583";"000000
999999
313708
800000
231817";"1688654018
0202534993";"1655555202180
1655555273311
1655557683910
1655853007559
1655862060912
1656700278885
1662635089404
1531306243545
1657641220736
1531306540094
1477661705844
1655861620363
1656764872911
1656406762400
1655657532541
1655657689831
1655985171210
1655657654423
1474457702916
1470210011265
1655984968639
1655657401535
1474457880885
1474451816576
1655985135397
1480497147362
1655860598364
1655863143281
1655866763328
1655866763314
1474627361375
1656406911383
1480499364298
1474628174920
1474628077848
1474628075709
1655866861435
1655986109242
1474627941995
1655866513228
1655986109225
1474627943918
1655868793018
1655868792988
1655868793010
1655868793002
1655868792973
1684686942893
1490289265516
1490289265529
1655870515484
1655871384479
1662636036215
1662636088297
1656414984427
1656065246745
1655987287554
1655986709640
1655871271486
1655871271475
1655871271461
1655987733658
1655987584091
1655871271506
1490347491104
1490347489080
1490347484722
1490346838675
1656065226452
1655987590589
1655986723463
1490347077580
1490289694305
1490289646296
1490289361781
1495810354468
1495810359387
1534434209351
1656076586851
1534434218619
1534434222621
1656319134720
1656069739479
1656069739474
1656069739470
1656069739485
1656069739463
1656319159116
1656070053425
1656070053417
1656070053410
1656070053394
1656070053371
1656319156438
1656069991218
1656069991211
1656069991204
1656069991195
1656069991174
1656319151873
1656069858754
1656069858747
1656069858742
1656069858737
1656069858731
1479222240609
1656319068024
1474291988611
1474377897073
1474292016882
1474304284054
1474378014648
1656069676144
1656319128345
1656069676135
1656069676128
1656069676120
1656069676110
1662636144908
1655802560637
1655863821481
1655867813868
1655877892203
1655877916167
1656062231387
1656062296345
1655872996984
1470210128180
1655833650178
1656062510187
1656062503157
1656062659634
1656062662303
1656062678873
1656062681782
1656062692091
1656062705961
1656062721406
1656062721420
1656062729492
1656062729505
1656062737492
1656062737504
1656062748422
1656062748434
1570303710057
1656064843533
1657641315586
1662636292051
1657641275819
1656063534955
1656063550416"
https://frenglishacademy.ru;Не опубликован;н/д;н/д;84699184121;"681928
866025
858238
872496
488621
859406
511293
260122";н/д;н/д
https://freniarus.ru;Freniarus - питомник кошек породы Мейн-Кун | Freniarus питомник кошек породы Мейн-Кун;н/д;freniaruscoon@mail.ru;"8(964)843-30-32
8(927)975-10-20";н/д;н/д;н/д
https://artistivanov.ru/contacts;Контакты;Контакты;infosite@artistivanov.ru;н/д;000000;н/д;н/д
https://frenic-ace.ru;Fuji-electric Frenic-Ace - Frenic-Ace;Преобразователи частоты Fuji-electric ;н/д;"81949086127
81949086119";н/д;н/д;н/д
https://frenic-aqua.ru;ПЧ Fuji-electric Frenic-AQUA - Frenic-AQUA;Преобразователи частоты Fuji-electric ;н/д;"81949218282
81949218273";н/д;н/д;н/д
https://frenic-hvac.ru;ПЧ Fuji-electric Frenic-HVAC - Frenic-HVAC;Преобразователи частоты Fuji-electric ;н/д;"81949387568
81949387554";н/д;н/д;н/д
https://frenic-lift.ru;Fuji Electric Frenic Lift LM1 LM2A - Fuji Electric Frenic Lift LM1S LM2A;Преобразователи частоты Fuji-Electric лифтовой серии Frenic-Lift LM1 и Frenic-Lift LM2A;info@frenic-lift.ru;"81949456633
81949456622";н/д;н/д;н/д
https://frenic-mini.ru;Преобразователи частоты Fuji-electric - Преобразователи частоты Fuji-Electric;Преобразователи частоты Fuji-electric ;н/д;"81949620807
81949620795";н/д;н/д;н/д
https://frenic-ace.ru/kontakty-frenic-ace.html;Контакты Frenic-Ace - Frenic-Ace;"Контакты ООО ""Альпарк""";info@frenic-ace.ru;"81949086112
81949086110";н/д;н/д;н/д
https://frenic.ru;Преобразователи частоты Fuji-electric - Преобразователи частоты Fuji-Electric;Преобразователи частоты Fuji-electric ;н/д;"81948975622
81948975594";н/д;н/д;н/д
https://frenkel.ru;Frenkel Studio - визуализация в ArchiCad, интерьерные и ландшафтные скетчи на заказ;Сотрудничество с частными лицами, архитекторами и дизайнерами интерьеров. Визуализация в ArchiCad. Интерьерные, архитектурные и ландшафтные скетчи: интерьер, экстерьер, ген-планы, скетч-планы (2D и 3D). Свой магазин мебели и оборудования для дома, дачи, отелей, фитнес-клубов.;н/д;н/д;"495057
493542
000000
303885
429783";1700611200;н/д
https://frenkbit.ru;Ты гей?;н/д;н/д;н/д;н/д;н/д;н/д
https://frenkelceramics.ru;Гончарная мастерская | Москва;Мастер-классы по гончарному кругу и ручной лепке;frenkel.ceramics@gmail.com;"81614702099
81614702100
81616436567
81616436578
81616436580
81616480246
81616714937
86530356566";"606957
787878
000000
100000
313708
738773
696969
829484
005941
808080
737373
774031
617212";1691831041;"1470209944682
1470210011265
1643656790068
1643657891303
1643658033455
1648024660944
1648024660953
1648024660959
1671493701935
1474283545813
1474283588899
1497456130776
1498486301712
1498486363994
1500384862912
1648034518625
1648034734070
1500384866000
1496239431201
1496239459190
1648066539430"
https://frenic-mini.ru/kontakty-fuji-electric-frenic-mini.html;Контакты Fuji-electric Frenic-mini - Преобразователи частоты Fuji-Electric;"Контакты ООО ""Альпарк""";info@frenic-mini.ru;"81949620788
81949620786";н/д;н/д;н/д
https://frenkit-pro.ru;Frenkit в Москве — специализированный маркетплейс;Вся продукция Frenkit на специализированном маркетплейсе по низким ценам! Характеристики, фото, максимальный ассортимент. Оперативная доставка в Москве!;moskva@frenkit-pro.ru;"80000000000
84951144444";"444045
440492
238903
243908
238951
248974
238042
245032
238801
234025
238022
251060
901748
810041
254041
810026
238075
810019
901245
810099
809005
810027
810032
810101
810002
810009
810043
818001
810095
811002
809016
810031
808007
810079
808008
260948
810004
809007
811007
810024
808001
811001
812012
808034
901289
950025
901261
901660
901755
900026
901217
901859
901100
901298
950822
930010
901722
901180
812007
810072
810001
808017
822008
808011
810096
810011
257043
238970
260003
243031
243006
260969
248056
248943
250001
230733
238010
235026
257072
234003
254911
940150
257056
844311
610702
457946
551738
567793
541599
710594
905783
428372
109817
105592
467241
790021
831425
913388
986055
797626
573708
535684
895881
561878
634193
866069
747821
859731
928979
940521
513489
845986
744727
549952
368637
449829
699982
699829
710279
795897
944215
943787
795285
753118
711134
700134
710768
753302
796385
944704
207727
207715
207725
207723
207716
207722
207714
207717
207726
207719
207728
260971
754903
243063
738096
243003
260002
248071
234024
246914
257021
260041
812001
257004
207724
207718
207720
207721
117519
605966
612329";н/д;н/д
https://frenkit-pro.ru/contacts;Контакты — Маркетплейс «Frenkit» в Москве;Контакты — Маркетплейс «Frenkit» в Москве;"moskva@frenkit-pro.ru
samara@frenkit-pro.ru
uhta@frenkit-pro.ru
borisoglebsk@frenkit-pro.ru
beloreck@frenkit-pro.ru
bugulma@frenkit-pro.ru
elista@frenkit-pro.ru
neftekamsk@frenkit-pro.ru
dmitrov@frenkit-pro.ru
vologda@frenkit-pro.ru
lysva@frenkit-pro.ru
velikie-luki@frenkit-pro.ru
himki@frenkit-pro.ru
klimovsk@frenkit-pro.ru
nazran@frenkit-pro.ru
vyborg@frenkit-pro.ru
pavlovo@frenkit-pro.ru
saransk@frenkit-pro.ru
pskov@frenkit-pro.ru
tobolsk@frenkit-pro.ru
kemerovo@frenkit-pro.ru
gelendzhik@frenkit-pro.ru
syzran@frenkit-pro.ru
ramenskoe@frenkit-pro.ru
stavropol@frenkit-pro.ru
artem@frenkit-pro.ru
kansk@frenkit-pro.ru
svobodnyy@frenkit-pro.ru
novoshahtinsk@frenkit-pro.ru
cherkessk@frenkit-pro.ru
derbent@frenkit-pro.ru
hanty-mansiysk@frenkit-pro.ru
korolev@frenkit-pro.ru
yaroslavl@frenkit-pro.ru
meleuz@frenkit-pro.ru
taganrog@frenkit-pro.ru
kostroma@frenkit-pro.ru
astrahan@frenkit-pro.ru
smolensk@frenkit-pro.ru
lesosibirsk@frenkit-pro.ru
mezhdurechensk@frenkit-pro.ru
perm@frenkit-pro.ru
elec@frenkit-pro.ru
ulan-ude@frenkit-pro.ru
mihaylovka@frenkit-pro.ru
troick@frenkit-pro.ru
lipeck@frenkit-pro.ru
kungur@frenkit-pro.ru
novoaltaysk@frenkit-pro.ru
bryansk@frenkit-pro.ru
lubercy@frenkit-pro.ru
pushkino@frenkit-pro.ru
labinsk@frenkit-pro.ru
chehov@frenkit-pro.ru
chapaevsk@frenkit-pro.ru
slavyansk-na-kubani@frenkit-pro.ru
buzuluk@frenkit-pro.ru
penza@frenkit-pro.ru
groznyy@frenkit-pro.ru
balashiha@frenkit-pro.ru
kolomna@frenkit-pro.ru
shhekino@frenkit-pro.ru
pavlovskiy-posad@frenkit-pro.ru
kstovo@frenkit-pro.ru
domodedovo@frenkit-pro.ru
orsk@frenkit-pro.ru
irkutsk@frenkit-pro.ru
velikiy-novgorod@frenkit-pro.ru
sochi@frenkit-pro.ru
novocherkassk@frenkit-pro.ru
podolsk@frenkit-pro.ru
gorno-altaysk@frenkit-pro.ru
vidnoe@frenkit-pro.ru
novosibirsk@frenkit-pro.ru
rostov-na-donu@frenkit-pro.ru
leninogorsk@frenkit-pro.ru
murmansk@frenkit-pro.ru
gus-hrustalnyy@frenkit-pro.ru
tula@frenkit-pro.ru
usole-sibirskoe@frenkit-pro.ru
chernogorsk@frenkit-pro.ru
kirovo-chepeck@frenkit-pro.ru
ekaterinburg@frenkit-pro.ru
kopeysk@frenkit-pro.ru
essentuki@frenkit-pro.ru
chistopol@frenkit-pro.ru
belebey@frenkit-pro.ru
sarapul@frenkit-pro.ru
zelenogorsk@frenkit-pro.ru
shuya@frenkit-pro.ru
tolyatti@frenkit-pro.ru
kaspiysk@frenkit-pro.ru
berdsk@frenkit-pro.ru
tulun@frenkit-pro.ru
arsenev@frenkit-pro.ru
vyshniy-volochek@frenkit-pro.ru
osinniki@frenkit-pro.ru
zarechnyy@frenkit-pro.ru
belgorod@frenkit-pro.ru
lobnya@frenkit-pro.ru
kamyshin@frenkit-pro.ru
nizhniy-tagil@frenkit-pro.ru
novyy-urengoy@frenkit-pro.ru
obninsk@frenkit-pro.ru
nevinnomyssk@frenkit-pro.ru
azov@frenkit-pro.ru
ryazan@frenkit-pro.ru
pyatigorsk@frenkit-pro.ru
tuapse@frenkit-pro.ru
serpuhov@frenkit-pro.ru
ivanteevka@frenkit-pro.ru
ivanovo@frenkit-pro.ru
solikamsk@frenkit-pro.ru
krasnokamensk@frenkit-pro.ru
revda@frenkit-pro.ru
novotroick@frenkit-pro.ru
kogalym@frenkit-pro.ru
zarinsk@frenkit-pro.ru
kirov@frenkit-pro.ru
verhnyaya-pyshma@frenkit-pro.ru
kaliningrad@frenkit-pro.ru
syktyvkar@frenkit-pro.ru
vyksa@frenkit-pro.ru
reutov@frenkit-pro.ru
neryungri@frenkit-pro.ru
vladimir@frenkit-pro.ru
omsk@frenkit-pro.ru
petrozavodsk@frenkit-pro.ru
kyzyl@frenkit-pro.ru
klincy@frenkit-pro.ru
shhelkovo@frenkit-pro.ru
volgograd@frenkit-pro.ru
staryy-oskol@frenkit-pro.ru
krasnokamsk@frenkit-pro.ru
kimry@frenkit-pro.ru
kineshma@frenkit-pro.ru
arhangelsk@frenkit-pro.ru
nizhnekamsk@frenkit-pro.ru
aleksandrov@frenkit-pro.ru
tyumen@frenkit-pro.ru
polevskoy@frenkit-pro.ru
dolgoprudnyy@frenkit-pro.ru
zelenograd@frenkit-pro.ru
belogorsk@frenkit-pro.ru
dubna@frenkit-pro.ru
kamensk-shahtinskiy@frenkit-pro.ru
rybinsk@frenkit-pro.ru
bor@frenkit-pro.ru
balakovo@frenkit-pro.ru
sergiev-posad@frenkit-pro.ru
fryazino@frenkit-pro.ru
belovo@frenkit-pro.ru
elektrostal@frenkit-pro.ru
komsomolsk-na-amure@frenkit-pro.ru
severodvinsk@frenkit-pro.ru
votkinsk@frenkit-pro.ru
gatchina@frenkit-pro.ru
gukovo@frenkit-pro.ru
krasnoyarsk@frenkit-pro.ru
ust-ilimsk@frenkit-pro.ru
rossosh@frenkit-pro.ru
maykop@frenkit-pro.ru
yuzhno-sahalinsk@frenkit-pro.ru
kiselevsk@frenkit-pro.ru
orehovo-zuevo@frenkit-pro.ru
noyabrsk@frenkit-pro.ru
chusovoy@frenkit-pro.ru
glazov@frenkit-pro.ru
sosnovyy-bor@frenkit-pro.ru
angarsk@frenkit-pro.ru
pervouralsk@frenkit-pro.ru
tihoreck@frenkit-pro.ru
salsk@frenkit-pro.ru
aleksin@frenkit-pro.ru
talnah@frenkit-pro.ru
abakan@frenkit-pro.ru
serov@frenkit-pro.ru
nyagan@frenkit-pro.ru
anzhero-sudzhensk@frenkit-pro.ru
anapa@frenkit-pro.ru
yakutsk@frenkit-pro.ru
liski@frenkit-pro.ru
mihaylovsk@frenkit-pro.ru
seversk@frenkit-pro.ru
tuymazy@frenkit-pro.ru
magnitogorsk@frenkit-pro.ru
nizhniy-novgorod@frenkit-pro.ru
tver@frenkit-pro.ru
kaluga@frenkit-pro.ru
borovichi@frenkit-pro.ru
ishimbay@frenkit-pro.ru
uzlovaya@frenkit-pro.ru
yarcevo@frenkit-pro.ru
verhnyaya-salda@frenkit-pro.ru
nazarovo@frenkit-pro.ru
krymsk@frenkit-pro.ru
odincovo@frenkit-pro.ru
klin@frenkit-pro.ru
balahna@frenkit-pro.ru
ishim@frenkit-pro.ru
arzamas@frenkit-pro.ru
voronezh@frenkit-pro.ru
chelyabinsk@frenkit-pro.ru
buynaksk@frenkit-pro.ru
sibay@frenkit-pro.ru
sterlitamak@frenkit-pro.ru
kamensk-uralskiy@frenkit-pro.ru
roslavl@frenkit-pro.ru
zelenodolsk@frenkit-pro.ru
minusinsk@frenkit-pro.ru
tihvin@frenkit-pro.ru
ozersk@frenkit-pro.ru
rubcovsk@frenkit-pro.ru
bataysk@frenkit-pro.ru
barnaul@frenkit-pro.ru
vladivostok@frenkit-pro.ru
chaykovskiy@frenkit-pro.ru
apatity@frenkit-pro.ru
kirishi@frenkit-pro.ru
novokuzneck@frenkit-pro.ru
volzhsk@frenkit-pro.ru
krasnoturinsk@frenkit-pro.ru
bratsk@frenkit-pro.ru
elabuga@frenkit-pro.ru
kazan@frenkit-pro.ru
tambov@frenkit-pro.ru
naro-fominsk@frenkit-pro.ru
dzerzhinskiy@frenkit-pro.ru
volsk@frenkit-pro.ru
sarov@frenkit-pro.ru
zheleznogorsk-krasnoyarskiy-kray@frenkit-pro.ru
orel@frenkit-pro.ru
zlatoust@frenkit-pro.ru
yurga@frenkit-pro.ru
almetevsk@frenkit-pro.ru
kropotkin@frenkit-pro.ru
kumertau@frenkit-pro.ru
mahachkala@frenkit-pro.ru
orenburg@frenkit-pro.ru
spassk-dalniy@frenkit-pro.ru
vorkuta@frenkit-pro.ru
salavat@frenkit-pro.ru
krasnogorsk@frenkit-pro.ru
novouralsk@frenkit-pro.ru
shadrinsk@frenkit-pro.ru
norilsk@frenkit-pro.ru
leninsk-kuzneckiy@frenkit-pro.ru
solnechnogorsk@frenkit-pro.ru
vladikavkaz@frenkit-pro.ru
lytkarino@frenkit-pro.ru
budennovsk@frenkit-pro.ru
voskresensk@frenkit-pro.ru
surgut@frenkit-pro.ru
blagoveshhensk@frenkit-pro.ru
murom@frenkit-pro.ru
ulyanovsk@frenkit-pro.ru
eysk@frenkit-pro.ru
zhukovskiy@frenkit-pro.ru
monchegorsk@frenkit-pro.ru
izhevsk@frenkit-pro.ru
magadan@frenkit-pro.ru
lesnoy@frenkit-pro.ru
severomorsk@frenkit-pro.ru
kovrov@frenkit-pro.ru
cherepovec@frenkit-pro.ru
kanash@frenkit-pro.ru
habarovsk@frenkit-pro.ru
nefteugansk@frenkit-pro.ru
tomsk@frenkit-pro.ru
krasnodar@frenkit-pro.ru
dimitrovgrad@frenkit-pro.ru
nizhnevartovsk@frenkit-pro.ru
volgodonsk@frenkit-pro.ru
prokopevsk@frenkit-pro.ru
naberezhnye-chelny@frenkit-pro.ru
nahodka@frenkit-pro.ru
mineralnye-vody@frenkit-pro.ru
noginsk@frenkit-pro.ru
cheboksary@frenkit-pro.ru
belorechensk@frenkit-pro.ru
shahty@frenkit-pro.ru
petropavlovsk-kamchatskiy@frenkit-pro.ru
cheremhovo@frenkit-pro.ru
novocheboksarsk@frenkit-pro.ru
kislovodsk@frenkit-pro.ru
egorevsk@frenkit-pro.ru
snezhinsk@frenkit-pro.ru
chita@frenkit-pro.ru
vyazma@frenkit-pro.ru
engels@frenkit-pro.ru
gubkin@frenkit-pro.ru
ussuriysk@frenkit-pro.ru
yoshkar-ola@frenkit-pro.ru
saratov@frenkit-pro.ru
michurinsk@frenkit-pro.ru
buguruslan@frenkit-pro.ru
birobidzhan@frenkit-pro.ru
livny@frenkit-pro.ru
novorossiysk@frenkit-pro.ru
miass@frenkit-pro.ru
zheleznogorsk-kurskaya-obl@frenkit-pro.ru
kursk@frenkit-pro.ru
asbest@frenkit-pro.ru
timashevsk@frenkit-pro.ru
stupino@frenkit-pro.ru
kingisepp@frenkit-pro.ru
balashov@frenkit-pro.ru
ufa@frenkit-pro.ru
sankt-peterburg@frenkit-pro.ru
kurgan@frenkit-pro.ru
biysk@frenkit-pro.ru
sayanogorsk@frenkit-pro.ru
kotlas@frenkit-pro.ru
hasavyurt@frenkit-pro.ru
mytishhi@frenkit-pro.ru
nalchik@frenkit-pro.ru
achinsk@frenkit-pro.ru
rzhev@frenkit-pro.ru
volzhskiy@frenkit-pro.ru
armavir@frenkit-pro.ru
kuzneck@frenkit-pro.ru
novokuybyshevsk@frenkit-pro.ru
iskitim@frenkit-pro.ru
berezniki@frenkit-pro.ru
georgievsk@frenkit-pro.ru
novomoskovsk@frenkit-pro.ru";84951144444;"444045
117519
833984
443101
169311
397160
453500
423231
358000
452680
141800
160009
618900
182115
141432
142180
386101
188800
606100
430009
180024
626150
650002
353460
446001
140105
355042
692770
663604
660028
346918
369000
368600
628007
141060
150000
453856
347930
156002
414040
214031
662543
652870
614025
399784
670045
403348
108841
398001
617472
658080
241023
140013
141207
352500
142300
446103
353560
461040
440000
364028
143912
140408
301241
142500
607657
142006
462419
664047
173016
354340
346400
142100
649002
142700
630004
344068
423250
183038
601501
300001
665458
655158
613044
620014
454012
357601
422980
452006
427960
663690
155900
445004
368300
633011
665268
692337
171161
652811
442963
308501
141733
403892
622015
629300
249034
357112
346787
390013
357538
352800
142200
141282
153037
618547
674673
623280
462360
628485
659100
610033
624096
236022
167000
607060
143965
678960
600005
644043
185014
667000
243140
141100
400137
309511
617060
171502
155800
163009
423578
601654
625048
623391
141720
124460
676856
141981
347809
152900
606440
413841
141301
141195
652600
144010
681013
164523
427441
188309
347871
660125
666673
396655
385000
693017
652700
142600
629807
618204
427628
188541
665821
623101
352120
347632
301360
655017
624993
628181
652470
353445
677000
397901
356244
636037
452756
455038
603022
170100
248031
174411
453215
301600
215805
624760
662200
353380
143007
141601
606403
627756
607220
394018
454901
368220
453830
453100
623430
216500
422549
662610
187553
456785
658201
346885
656058
690035
617762
184209
187110
654005
425009
624440
665709
423600
420080
392024
143302
140090
412906
607188
662978
302028
456228
652057
423457
352395
453303
367912
460019
692245
169915
453260
143402
624135
641876
663318
652523
141503
362048
140081
356800
140200
628404
675001
602267
432005
353680
140188
184511
426011
685000
624205
184606
601900
162610
429335
680003
628301
634021
350000
433508
628609
347371
653053
423821
692924
357202
142400
428020
352630
346500
683032
665407
429965
357700
140300
456770
672027
215119
413100
309183
692525
424038
410065
393761
461630
679016
303852
353907
456300
307179
305029
624269
352708
142800
188480
412302
450006
191040
640003
659321
655603
165300
368006
141006
360003
662161
172390
404102
352922
442532
446204
633203
618426
357820
301650
844311
610702
457946
551738
567793
541599
710594
905783
428372
109817
105592
467241
790021
831425
913388
986055
797626
573708
535684
895881
561878
634193
866069
747821
859731
928979
940521
513489
845986
744727
549952
368637
449829
699982
699829
710279
795897
944215
943787
795285
753118
711134
700134
710768
753302
796385
944704
088156
121497
832558
074492
410957
965105
767758
532855
272804
307693
244562
088242
516099
880357
814206
088816
559922
346846
958175
522836
363565
749585
217394
722259
216924
185636
289952
823454
256304
200673
399704
081247
563658
474611
155669
204639
591574
923144
996724
088989
327135
701767
231278
933788
755763
218633
289235
066305
040291
006342
866738
914358
884148
624935
933215
898857
217482
918998
786644
055358
359924
081749
769103
531119
186134
072888
264028
965164
474071
610844
834481
223239
305273
486265
577939
605824
997135
423644
929579
412557
315886
275483
692115
852724
003462
728519
638107
459478
153262
687822
955102
118257
263696
788486
015971
189631
236635
289425
800483
084059
518219
675608
776862
208512
151798
785108
369183
480909
230225
305849
274872
242974
531498
923161
418924
092952
407497
548384
430845
912332
962211
710162
542966
936662
028723
718947
260149
443952
604134
071262
970472
664254
616102
193544
644761
751301
822899
532564
598948
829103
611574
115697
038538
645749
369132
103768
815221
475519
577077
102097
380507
853676
633815
888422
080779
764999
578892
558702
261057
159387
558836
584174
601527
320349
814966
569014
552504
439796
008354
449128
783941
017172
873768
631279
082833
593277
116902
936061
638287
427193
104702
605966
612329
709883
630315
034207
051219
092229
100852
906902
975254
985311
005534
696397
699834
037416
102358
916291
796856
298973
482761
264069
925685
701172
621292
603286
980655
500103
718057
698601
320688
887256
752288
713704
662847
387105
149205
373458
992467
774922
436185
715186
247381
752849
997218
917036
518574
745062
891262
307073
757136
348752
860536
442142
601758
524224
790346
620398
700321
390465
559876
148849
163534
446006
933302
200044
008797
551522
908617
157015
735851
270612
855711
052313
359405
797452
010542
124617
339821
953906
304599
432412
447391
784633
004732
554221
777733
535197
944174
035892
122892
892035
038137
904378
050918
667017
987776
577714
105987
611207
742371
900361
636023
000648
987395
807997
198062
808843
269391
677702
139694
085877
901143
881781
522062
931275
909819
134567
989464
469312
103592
478234
518536
442396
721152
611129
607517
148332
019797
080402
321793
728971
029077
506172
977805
029819
129553
909578
593914
708519
981549
378671
987292
308975
944415
846726
247911
586655
912758
037761
449473
158735
978975
726398
048039
559943
047845
406819
011379
987894
935414
279968
672702
729345
332267
606038
500651
481265
107528
839798
394285
191933
666188
327392
204747
120742
825511
664219
720346
900372
631246
925768
387893
822285
954738
530208
855189
666203
691757
544817
643117
683883
753732
205312
533321
736402
682354
342446
917501
102622
237636
738843
385852
568178
042394
444727
126045
780363
185363
757095
301833
015339
751528
093397
821173
443156
732012
751462
383776
848898
631468
391575
039547
352929
923771
514621
223732
055204
970723
667844
148297
915911
709393
274017
899379
556231
431986
811143
765378
503963
228919
287508
820254
599932
062025
516926
926145
350354
346739
818882
250088
621114
082672
183003
358927
698993
985994
179024
643593
031102
156302
681456
319223
365248
277526
530883
270706
577236
359653
712791
082082
604595
939832
227777
871562
824531
557059
653566
879134
421757
303306
365094
896293
128154
477786
515757
395835
606099
098663
979611
484844
974424
039515
217673
528674
929488
185389
514055
857587
380962
724895
853779
778446
852576
280965
107564
871814
759784
527403
394588
663122
067459
483949
116724
908284
377946
072047
504957
044433
301828
214578
118438
502564
504358
279594
802049
929998
627921
971105
579407
492316
892386
438373
655438
933513
789148
412154
762929
109806
046569
344323
348881
184553
762129
454207
013097
611167
078749
898235
613004
369673
156045
548899
956373
736577
360613
927563
281623
426866
173818
512253
402879
110676
641958
236809
580423
244538
478495
480831
332514
270006
775367
776705
096747
118319
582331
655253
632541
856467
392773
474723
146795
290896
010999
207727
207715
207725
207723
207716
207722
207714
207717
207726
207719
207728
207724
207718
207720
207721";н/д;н/д
https://teremvrn.ru;Терем - Интернет магазин дверей в Воронеже;Интернет магазин дверей и дверной фурнитуры в Воронеже;н/д;н/д;"269531
271484
730469
728516
988281
011719
388348
278986
657986
416016";н/д;н/д
https://teremvshira.ru;Озеро Шира | Усадьба семейного отдыха «ТеремЪ» | Цены 2021, фотографии, отзывы.;"Усадьба ""ТеремЪ"" на озере Шира. У нас только тихий, семейный отдых. Благоустроенные номера, полноценная детская площадка, бесплатная парковка на территории. До озера всего 500 метров. Ежедневная анимация и мастер-классы для детей.";teremvshira@mail.ru;+79232125335;"961923
916626
933762
916748
692983
692738";1578380008;н/д
https://teremwood.ru;Строительство деревянных домов, бань из бревна-Дом под ключ;Строительство деревянных домов и бань из оцилиндрованного и рубленного бревна, из профилированного и клееного бруса, под усадку и под ключ. Дома по технологии Post&Beam ;info@teremwood.ru;"89226618800
89128270473
+79226618800
88882628391
82956401913
89077133442
+79128270473
+7(922)661-88-00
+7(912)827-04-73
8(922)661-88-00";"212529
333333
666667
495057
218838
138496
004085
002752
202326
155724
856404
491217
818182
686868
040505
857143
121416
999999
232323
181818
000000
775862
394976
410414
810345
434597
770871
771054";н/д;н/д
https://teremvrn.ru/index.php?route=information/contact;Связаться с нами;н/д;н/д;н/д;"269531
271484
730469
728516
988281
011719
388348
278986
657986
416016";н/д;н/д
https://teremwood.ru/contact;Северный Дом Вятка | Контакты;Контакты компании Северный Дом Вятка ;info@teremwood.ru;"89226618800
89128270473
+79128270473
+79226618800
+7(922)661-88-00
+7(912)827-04-73
8(922)661-88-00";"212529
333333
666667
495057
218838
138496
004085
002752
202326
155724
856404
491217
818182
686868
040505
857143
121416
999999
232323";н/д;н/д
https://teren.ru;Женский сайт — всё о моде, красоте и здоровье | Женский блог;Teren.ru — женский сайт о красоте, психологии, здоровье, спорте, отношениях, любви, кулинарии, психологии, беременности и детях, фитнесе и диетах, уюте в доме и хобби.;н/д;н/д;"604800
000000
136597
545454
103399
202333";н/д;н/д
https://teremyg.ru;Терем, Теремюг, строительство быстро возводимых домов, каркасных, кирпичных, бань;Строительство домов,коттеджей,таунхаусов,гостинец в Краснодарском край и Республике Адыгея,строительство каркасного дома,проект домов из клееного бруса,дом из клееного бруса,дом из газоблока,коттедж из кирпича,терем строительство домов,проект каркасного дома,проект дома из блоков,строительство в краснодарском край каркасных домов,боярин,терем,барин,император,варяг,полковник,канцлер,премьер,викинг,герцог,монарх,галактика,малыш,беседка-барбекю,лидер,лидер лк,витязь,добрыня,пересвет,терем,лада,ремонт иреконструкция,садовый дом,терраса строительство,земельные участки,забор,замена кровли,пристройка;"info@teremyg.ru
snab@teremyg.ru
reklama@teremyg.ru
blago@teremyg.ru
mrv@teremyg.ru";82890270617;"656344
211616
015625";"1617595383
1665642591
1665642637
1665642590
1665642598
1665642625
1617595384";н/д
https://terenberg.ru;Terenberg - оставьте свой отзыв;Оставьте отзыв или претензию;н/д;н/д;"242424
000000
959595
111111";"1602848496
5029256935";"1494858943227
1493283059688
1495040492013
1518171677868
1518699908860
1602820476805
1205000065423"
https://terenceuniform.ru;TERENCEUNIFORM;Одежда для мастеров;н/д;н/д;"000000
313708";1655630235;"1636311176637
1634482969181
1614346821362
1614349026939"
https://terendina.ru;Любовь Николаевна Терендина - Оставь наказ депутату ;Депутат Законодательного Собрания Приморского края, выступает за возможности граждан принимать участие в местном самоуправлении через создание ТОС;lyubov.terendina@gmail.com;н/д;"604800
000000
368796
131204
575405
073826
592752
873604
348582
371031
244634
053564
797129
274756";н/д;н/д
https://terenghi.ru;Теренги — Вода, рожденная в глубине Алтайских гор;н/д;"info@terenghi.ru
51@petroglyph.vip";"88001004448
+79651004448";"604800
000000
154746
011719
478375
984375
744375
462563
976562
763672
559672
333859
977516
005859
978516
009766
514766
995047
499141
998047
994141
000047
962172
076172
190172
683719
145766
153109
662109
171109
992188
996047
396187
413812
007812
674812
642812
640625
816406
496094
695312
768562
387375
582375
995578
182609
349609
515609
115234
946234
754891
782234
212891
740234
670891
699234
690438
137687
898438
554688
106437
971687
106922
470187
044922
367188
982922
263188
201172
566406
317406
951172
090328
348625
861328
265625
632328
182625
464828
140625
298828
390625
132828
655766
201187
509766
363766
534188
556641
431641
305641
914938
041406
960938
191406
218937
530406
714844
464844
215844
079078
955078
843078
663578
056641
517578
180641
371578
223641
267562
306641
101562
389641
347156
285156
223156
737625
515625
328625
131125
953125
808125
659653
555555
007852
814014
453125";н/д;1155476087436
https://yurova-beauty.ru;Курсы причесок и укладок в Санкт-Петербурге;Курсы причесок, укладок и плетения кос в Санкт-Петербурге. Обучение свадебным и вечерним прическам и укладкам в СПб. Индивидуальный подход к каждому ученику. Востребованные техники, отработка на моделях или манекенах на выбор. (м.Фрунзенская, 7 минут пешк;example@mail.com;"83361313135
86432623532
83731666564
83335336233
83037363462
83536373339
83739623337";"000000
171717
313708
454545
751979
617499
324736
907981
324581
907951
908047
324779";1690889413;"1495810354468
1495810359387
1495810410810
1497456130776
1498486301712
1498486363994
1494858943227
1493283059688
1495027254430
1496238259342
1496239431201
1496239459190
1496239478607
1673451992821"
https://yurovo.ru;н/д;н/д;н/д;н/д;н/д;н/д;н/д
https://yurovskaya.ru;Адвокат Юровская Далила Алиевна {Ваш юридический помощник} Екатеринбург;Адвокат Юровская Далила Алиевна. Юридическая помощь в Екатеринбурге;н/д;+79505633515;008000;н/д;н/д
https://yurovskiy-kirill.ru;Kirill Yurovsky: inventor & engineer;Kirill Yurovsky was an engineer & inventor, whose contributions to the field of engineering and technology are widely recognized. Though much of his life and work remains shrouded in mystery, his legacy lives on through the innovations he created and the impact they have had on various industries.;н/д;"85649202733
81943872309";000000;н/д;н/д
https://yurovsky.ru;Сайт писателя Михаила Юровского;н/д;н/д;н/д;000000;н/д;н/д
https://yurovwed.ru;Свадебный фотограф Дмитрий Юров;Свадебная фотография в Тамбове, Санкт-Петербурге и Москве.;н/д;н/д;"328545
254959
255511
255513
254961
254963";н/д;н/д
https://yurovsky.ru/kontakty/;Контакты | Сайт писателя Михаила Юровского;н/д;н/д;н/д;000000;н/д;н/д
https://zait-service.ru;ZAIT-SERVICE | Срочный ремонт телефонов, планшетов, ноутбуков;"- Срочный ремонт цифровой техники
- Бесплатная диагностика
APPLE, SAMSUNG, XIAOMI, HUAWEI, HONOR";zait-service@yandex.ru;+79953552707;"259506
333333
321154
321157
623508
321118
009517
340463";н/д;н/д
https://zaisy.ru;Интернет магазин зоотоваров в Омске с доставкой;Интернет магазин зоотоваров Zaisy.ru - широкий ассортимент товаров для животных, популярные бренды, качественная продукция и выгодные цены. Доставка на дом.;info@zaisy.ru;"89681777265
89682257118
89682201105
+73812790404
89681781219
89681735656
89682201772
89682257258";"000000
395976
308452
308460
308467
308461
308463
308462
465663
308466
308465
438632
308468
465674
308476
308475
308472
438633
308470
308471
308473
308477
308456
438640
438634
438635
438669
438671
438670
465502
465503
465527
465528
465500
438693
465501
438692
438689
465529
465499
465522
465546
465542
465545
465543
465544
465523
465566
465556
465558
465560
465561
465557
465534
465574
465579
465575
465572
830831
465541
465654
465589
465653
465655
465656
465652
494949
151194
151013
147556
146698
149921
148765
151012
150575
111811
143148
406035
146959
148771
148767
150576
151193
149219
146705
111273
146709
112546
147557
151175
147563
151014
133712
147985
111796
150780
150778
150657
151250
150934
150565
150002
150642
150776
149735
150638
149544
151114
151251
150993
151249
150957
150779
150998
150075
150071
150078
150074
150933
148676
150080
150604
149916
150956
150992
150999";"1661358879
1692132239";1661359040833
https://zaita.ru;ЗаИтА - Защита прав потребителя;Защита прав потребителя;н/д;н/д;000000;1267678881;н/д
https://zaitbiz55.ru;Хостинг-провайдер TimeWeb.ru | Мы рады приветствовать Вас среди наших клиентов!;н/д;info@timeweb.ru;н/д;"222329
196006";н/д;н/д
https://yurovwed.ru/contacts;Контакты. Свадебный фотограф Дмитрий Юров;н/д;н/д;88290398126;"254963
254959
255511
255513
254961";н/д;н/д
https://zaisy.ru/contacts/;Контакты;Интернет магазин зоотоваров Zaisy.ru - широкий ассортимент товаров для животных, популярные бренды, качественная продукция и выгодные цены. Доставка на дом.;"info@zaisy.ru
zakaz@zaisy.ru";"89682765981
89682201105
+73812790404
89681781219
89682201772
89682765194";"000000
395976
308452
308460
308467
308461
308463
308462
465663
308466
308465
438632
308468
465674
308476
308475
308472
438633
308470
308471
308473
308477
308456
438640
438634
438635
438669
438671
438670
465502
465503
465527
465528
465500
438693
465501
438692
438689
465529
465499
465522
465546
465542
465545
465543
465544
465523
465566
465556
465558
465560
465561
465557
465534
465574
465579
465575
465572
830831
465541
465654
465589
465653
465655
465656
465652";"1661358879
1692132242";"1689682765981
1661359040833"
https://zaitcev.ru;Авторский блог Алексей Зайцева;Математика, Экономика, Физика;н/д;"87234042553
82269503546
80141843971";"127987
129777
127995
129778
127999
000000
999999
990000
245594
666666";н/д;н/д
https://zaitceva-photo.ru;Свадебный фотограф Екатерина Зайцева Краснодар;Меня зовут Екатерина Зайцева, я свадебный фотограф в Краснодаре. На сайте вы можете ознакомиться с моими работами — свадебная фотосъемка, фотосъемка историй о любви, женский портрет и семейные фотосессии.;н/д;+79288403612;"480744
480745
480756
480770
598376
480766
480747
480749
480748
969798
988880
828385
434648
716965";н/д;н/д
https://zaitfarm.ru;zaitfarm.ru;н/д;muslimdio@yandex.ru;+79645521414;"333333
666666
000000";н/д;н/д
https://zaitivit.ru;Зайти в АйТи;Освой профессию IT-специалиста с 0 и зарабатывай от 60 000 рублей в месяц в первые полгода-год;н/д;"81673709385
81673797473
81167372021
81167372153
81167372037
83032343238
86637333863
82645167380
82645167386
82645167410
82645167413
86634323363
83330326633
81673804705
81673804838
81674134364
81674134543
81674134731
81674134832
81674134899
81674134980
81673805476
81674133798
81674133024
81674102012
81674133809
81674133223
81674133804
81674133332
81674133814
81674133406
81674133831
81674101997
81673865224
81674133530
81674133820
86040167380
86040167384
88016738057
88016738442
80611044356
89600117321
80611048442
89820167388";"001296
825570
313708
000000
825588
825590";1681106200;"1673716959188
1673716959334
1673716959341
1673716959346
1673716959388
1673716959394
1673716959399
1673716959414
1673716959419
1673717373061
1673717088965
1673716959383
1673716959488
1673716959477
1673716959463
1673716959457
1673716959440
1673716959425
1673716959493
1673716959482
1673716959470
1673716959449
1673716959445
1673716959432
1674736871183
1673709385019
1673709385014
1673797473430
1673709385023
1673709385028
1673709385033
1673709385038
1673709385042
1673709385046
1673709385050
1673709385073
1673709385078
1673709385083
1673709385087
1673709385091
1673709385096
1673709385101
1673709385122
1673709385128
1673709385132
1673709385136
1673709385140
1673709385144
1673709385149
1673718806218
1673718806222
1673718806231
1673718806238
1673718806243
1673718806246
1673718806251
1673718806255
1673718806259
1673718806263
1673718806272
1673718806277
1673718806282
1673718806289
1673718806294
1673718806301
1673720214762
1673720214770
1673720214775
1673720214804
1673720214812
1673720214826
1673720214833
1673720214838
1673721530296
1673720377014
1673720214781
1673720214884
1673720214816
1673720214889
1673720214790
1673720214900
1673720214799
1673720214911
1673720214822
1673720214877
1673720214795
1673779413645
1673779413652
1673779413668
1673779413675
1673779413749
1673779413753
1673779413757
1673779413761
1673779413765
1673779413769
1673779413773
1673779413780
1673779413786
1673779413790
1673779413794
1673779413799
1673779413803
1673779413807
1673779413812
1673779413816
1673779413820
1673779413832
1673779413837
1673779413847
1673779413854
1673779413859
1673779413864
1673779413870
1673779413875
1673779413882
1673779413888
1673779413894
1673779413899
1673779413905
1673779413912
1673779413918
1673779413923
1673779413929
1673779413934
1673779413941
1673779413947
1673779413953
1673779413959
1673779413965
1673779413972
1673779413977
1673779413988
1673779414042
1673779414017
1673779414071
1673779600646
1673779672928
1673779691678
1673779714198
1673779817274
1673779826876
1673779844464
1673779857402
1673804705153
1673804705199
1673804705266
1673804705271
1673804705203
1673804705207
1673804705210
1673804838700
1673805476313
1673865224525
1673804705277
1673804705281
1674101997659
1674101997671
1674102012459
1674102012467
1674133024369
1674133024380
1674133024387
1674133024393
1674133024399
1674133024410
1674133024416
1674133223173
1674133223180
1674133332153
1674133332158
1674133406332
1674133406337
1674133530447
1674133530454
1674133798422
1674133804692
1674133809506
1674133814159
1674133820671
1674133831701
1674134364615
1674134543540
1674134731305
1674134832576
1674134899911
1674134980055
1673862533658
1673805759630
1673805759637
1673805759651
1673805759667
1673805759672
1673805759781
1673805759796
1673805759817
1673805759824
1673805759830
1673805759843
1673805759851
1673805759872
1673805759879
1673805759892
1673805759902
1673805759920
1673805759931
1673805937080
1673806176637
1673840592985
1673840631059
1673805759645
1673840578710
1673806255038
1673805759907
1673805759885
1673805759859
1673805759837
1673805759788
1673805759774
1673805759767
1673805759660
1673844284600
1673884494012
1673845410651
1673845434307
1673845637849
1673845637841"
https://zaitovstudio.ru;Студия Заитова | zaitovstudio.ru;н/д;н/д;н/д;"127987
129777
127995
129778
127999
000000
138450";н/д;н/д
https://zaitoys.ru;н/д;н/д;н/д;н/д;н/д;н/д;н/д
https://zaitsev-consulting.ru;Владимир Зайцев. Консалтинговые услуги — Владимир Зайцев — Руководитель правового отдела АсНООР, Заместитель Директора АсНООР по правовым вопросам,;н/д;contact@domain.com;н/д;"171717
604800
000000
111111
212121
424242";"1692132278
1234567890";н/д
https://zaitseff.ru;Петр Зайцев;Зайцев Петр Андреевич;mail@petrzaytsev.ru;н/д;н/д;н/д;н/д
https://zaitsev-drum.ru;Школа игры на барабанах Александра Зайцева;Уроки игры на барабанах Екатеринбург. Первый урок - бесплатно!;н/д;"83661366635
+79634449207";"222222
000000
030000
751979
617499";1632329257;"1494858943227
1495040492013"
https://zaitsev-seo.ru;Алексей Зайцев - SEO продвижение сайтов;н/д;info@zaitsev-seo.ru;"80392156862
88235294117
84313725490
84705882352
80000000000";"127987
129777
127995
129778
127999
000000
141414
839780";н/д;5921568627451
https://zaitsev-seo.ru/kontakty/;Контакты - Алексей Зайцев;н/д;info@zaitsev-seo.ru;"80392156862
88235294117
84313725490
84705882352
89683368508
80000000000";"127987
129777
127995
129778
127999
000000
141414
839780";н/д;5921568627451
https://zveroclub.ru;"""ЗвероКлуб"" - продажа домашних питомцев";"""ЗвероКлуб"" - быстро и выгодно продать кошку или собаку, недорого купить домашнего питомца!";н/д;н/д;н/д;н/д;н/д
https://zveroferm.ru;Звероферма | Меховая промышленность России и СНГ;Звероферма - вопросы звероводства и кролиководства, ветеринарное и скорняжное дело. Каталог зверохозяйств, их продукция, адреса и контакты.;н/д;87283632650;н/д;н/д;3334538936615
https://zveroff.ru;н/д;н/д;н/д;н/д;н/д;н/д;н/д
http://zverodel.ru/;Курсы гончарного дела / Лепка из глины / Студия «Делание»;Основы работы на гончарном круге в творческой студии «Делание». Обучение гончарному делу и ручной лепке из глины для всех желающих, независимо от подготовки. Мастерская в центре Москвы.;master@zverodel.ru;+79661975162;105082;н/д;н/д
https://zverokon.ru;н/д;н/д;н/д;н/д;218838;1692132306;н/д
https://zverolog.ru;Всё о питомцах: собаки, кошки, рептилии, птицы, экзотические животные;Вы решили завести питомца? Мы подскажем как выбрать и содержать, чем кормить, лечить и вычёсывать. Самая актуальная информация о друзьях наших меньших.;н/д;"88972615699
84686350125";"127987
333333";н/д;н/д
https://zverolov.ru;ZVEROLOV.RU - Андрей Поняга - Книги по охоте на пушного зверя.;Андрей Поняга. Книги по охоте на пушного зверя. Пахучие приманки для привлечения пушных зверей. Биологам, охотникам, натуралистам.;zverolovmag@mail.ru;н/д;"127987
000000
727272
545454
333333
359375
107392";н/д;н/д
https://zverolog.ru/kontakty/;Наши контакты;В этом разделе можно найти способ связи с нами.;Info@zverolog.ru;86243090333;"127987
333333";н/д;н/д
https://rf.ru/zverokot.ru;Купить домен zverokot.ru - создан 08.06.2021, регистратор RU-CENTER-RU | Магазин RF.RU;Домен zverokot.ru продается. Цена: договорная. Вся информация о домене. Купить онлайн в RF.RU.;н/д;н/д;143512;1424684062;н/д
https://ecstom.ru;Европейский Центр Стоматологии - Стоматология на Большой Очаковской;Стоматология на Большой Очаковской;ecs.stom@gmail.com;84954142869;"604800
000000
494811
603755
799805
985906
835877
685848
601563
601562
119361
547461
393643
447713
447715
610505";н/д;н/д
https://ecstro.ru;Поставка оборудования очистки воды;Поставка оборудования;"ecstrotrade@mail.ru
ecstro2021@mail.ru";н/д;"191919
373737
888888
646464";н/д;н/д
https://ecstrm.ru;ecstrm.ru;н/д;manager@ecstrm.ru;н/д;н/д;н/д;н/д
https://ecstudent.ru;Материалы для студентов;Сайт для студентов экономических специальностей.;Rating@Mail.ru;н/д;н/д;"4093670255
9161563053";н/д
https://ecstro.ru/contacts.html;Контакты;themerex responsive template html5 and css3;"ecstrotrade@mail.ru
ecstro2021@mail.ru
info@ecstro.ru";н/д;"191919
117418
373737
888888
646464";н/д;н/д
https://ecstrm.ru/contact-us/;Связаться с нами;н/д;manager@ecstrm.ru;н/д;"569578
285322";н/д;н/д
http://ecstract.ru/;Купить оптом сухие растительные экстракты трав, специй, цена производства в Санкт-Петербурге;Производство сухих экстрактов в Санкт-Петербурге, у нас можно купить оптом растительные экстракты трав, специй и ягод по выгодным ценам.;н/д;+79052577088;000000;н/д;н/д
https://ecsystem.ru;Инижиниринговая компания Система » Главная;н/д;info@ecsystem.ru;н/д;"182629
558412";н/д;н/д
http://ecstract.ru/contacts.html;Контакты - «Ecstract.ru»;Контакты компании Ecstract.ru в СПб, которая осуществляет продажу сухих экстрактов трав и ягод.;н/д;+79052577088;000000;н/д;н/д
https://ecszhbi.ru;Производство и поставка ЖБИ - Инженерные строительные решения - Завод ЖБИ;Официальный сайт компании «Инженерные строительные решения». Производство, поставка и проектирование ЖБИ продукции с доставкой по Москве и ЦФО. Широкий ассортимент ЖБИ изделий, строгая проверка продукции техническим требованиям и официальному регламенту, поставка точно в срок. Обеспечьте успешную реализацию своего строительного проекта с помощью нашей продукции;info@ecszhbi.ru;"80852092876
80852174879
80852107643
80852101419
80852162490
80852209240
80852104829
80852172219
80852091424
80852203755
80852062175
83276880598
+74951277989
+79104179463
+7(495)127-79-89";"819258
164269
172622
861021
186543
664037
975174
235963
999999";"1692132344
4009962241
1678085206";1678085220833
https://ect-auto.ru;ЭКТ-АВТО > О проекте;н/д;"ect@ect.ru
Rating@Mail.ru";н/д;н/д;н/д;н/д
https://ect-service.ru;"ООО ""ИКТ СЕРВИС"" | Инжиниринговая фирма";н/д;н/д;н/д;н/д;н/д;н/д
https://ecszhbi.ru/contacts/;Наши Контакты - Инженерные строительные решения - Завод ЖБИ;"Производство и поставка ЖБИ ""Инженерные строительные решения"" - Адрес производства и офиса в Москве, Жуковском и Раменском - Ждём Вас в Гости! ОГРН: 1195027006349";info@ecszhbi.ru;"80852092876
80852174879
80852107643
80852101419
80852162490
80852209240
80852104829
80852172219
80852091424
80852203755
80852062175
83276713409
+74951277989
+79104179463
81044000008
81040000000
+7(495)127-79-89";"140182
140180
088775
819258
164269
172622
861021
186543
664037
975174
235963
999999";"1692132347
4009962241
1678085206
5040160659";"1195027006349
1678085220833"
https://ect-auto.ru/index.phtml?id=6;ЭКТ-АВТО > Контакты;н/д;"ect@ect.ru
neva@ect.ru
Rating@Mail.ru";н/д;"127566
192029";н/д;н/д
https://ect-service.ru/ru/contact-us;"Схема проезда | ООО ""ИКТ СЕРВИС""";н/д;post@ect-service.ru;"+7(495)688-16-00
+7(495)956-21-18
+7(495)688-42-45";129090;н/д;н/д
https://ect77.ru;Продать и сдать макулатуру по хорошим ценам в Москве и области;Продать макулатуру по выгодной цене в Москве и области с вывозом.;manager@ect77.ru;н/д;142432;5031135920;1195081080446
https://ect4e.ru;ЕстьЧё;н/д;н/д;"+74951772211
+79257278176
89258534131
80000000000
8(925)853-41-31
8(925)245-28-38
+7(925)727-81-76";"127987
129777
127995
129778
127999
333333
777777
303030
434343
000000
444444
222222
888888
111111
828282";2733914486;н/д
https://ect4e.ru/contacts/;ЕстьЧё » Контакты;н/д;info@ect4e.com;"+74951772211
+79257278176
89258534131
89257278176
89252452838
80000000000
8(925)853-41-31
8(925)245-28-38
+7(925)727-81-76";"127987
129777
127995
129778
127999
333333
777777
303030
434343
000000
444444
222222
888888
111111
383838
201024";"2733914486
1692129511";н/д
https://ectaco.ru;ЭКТАКО-РОССИЯ - электронные голосовые говорящие переводчики;Голосовые электронные переводчики и говорящие переводчики английского, немецкого и других языков. Официальный сайт ЭКТАКО-РОССИЯ;н/д;н/д;н/д;н/д;н/д
https://ectaco.ru/support/;ЭКТАКО-РОССИЯ - Обратная связь;Мы всегда готовы оказать Вам поддержку в использовании нашей продукции;"sales@ectaco.com
russia@ectaco.com
rufat@rem.baku.az
sales@ectaco.ca
sales@ectaco.de
infob@infob.lv
sales@ectaco.pl
contact@ectaco.co.kr
sales@ectaco.com.es
sales@ectaco.co.uk
ukraine@ectaco.com";н/д;"804040
195271
370009
974411
974344
971155";н/д;н/д
http://www.ect.ru/;Электронные компоненты: клеммники, клеммные блоки, электромагнитные реле, кабельные вводы,корпуса РЭА, монтажная и кабельная фурнитура;Поставка электронных компонентов: корпуса для РЭА, клеммники, электромеханические реле, оптроны, герконовые реле, кабельные вводы, клеммы, наконечники, инструмент, разъемы, клавиатуры, твердотельные реле, монтажная и кабельная фурнитура.;"ect@ect.ru
Rating@Mail.ru";н/д;"000000
349507";н/д;н/д
